{
    "head": "http:\/\/dev.cse.sdsmt.edu\/~7381806\/stickman_images\/head\/stickman-head_Default.png",
    "body": "http:\/\/dev.cse.sdsmt.edu\/~7381806\/stickman_images\/body\/stickman-body_Leprechaun-greenShirt.png",
    "larm": "http:\/\/dev.cse.sdsmt.edu\/~7381806\/stickman_images\/larm\/stickman-lArm_Pirate-hook.png",
    "rarm": "http:\/\/dev.cse.sdsmt.edu\/~7381806\/stickman_images\/rarm\/stickman-rArm_Leprechaun-shamrock.png",
    "legs": "http:\/\/dev.cse.sdsmt.edu\/~7381806\/stickman_images\/legs\/stickman-legs_Pirate-boots.png"
}