{
    "head": "http:\/\/dev.cse.sdsmt.edu\/~7381806\/stickman_images\/head\/stickman-head_Pirate-hat.png",
    "body": "http:\/\/dev.cse.sdsmt.edu\/~7381806\/stickman_images\/body\/stickman-body_Pirate-belt.png",
    "larm": "http:\/\/dev.cse.sdsmt.edu\/~7381806\/stickman_images\/larm\/stickman-lArm_Pirate-hook.png",
    "rarm": "http:\/\/dev.cse.sdsmt.edu\/~7381806\/stickman_images\/rarm\/stickman-rArm_Pirate-sword.png",
    "legs": "http:\/\/dev.cse.sdsmt.edu\/~7381806\/stickman_images\/legs\/stickman-legs_Pirate-boots.png"
}